{
	"$schema": "http://schema.management.azure.com/schemas/2015-01-01/deploymentTemplate.json#",
	"contentVersion": "1.0.0.0",
	"parameters": {
		"factoryName": {
			"type": "string",
			"metadata": "Data Factory name",
			"defaultValue": "etl-demo"
		},
		"Input Blob Storage_connectionString": {
			"type": "secureString",
			"metadata": "Secure string for 'connectionString' of 'Input Blob Storage'"
		},
		"Output SQL Database_connectionString": {
			"type": "secureString",
			"metadata": "Secure string for 'connectionString' of 'Output SQL Database'"
		},
		"containerUri": {
			"type": "string",
			"metadata": "URI to storage account containing linked ARM templates"
		},
		"containerSasToken": {
			"type": "string",
			"metadata": "Sas token to storage account containing linked ARM templates"
		}
	},
	"variables": {
		"factoryId": "[concat('Microsoft.DataFactory/factories/', parameters('factoryName'))]"
	},
	"resources": [
		{
			"name": "etl-demo_ArmTemplate_0",
			"type": "Microsoft.Resources/deployments",
			"apiVersion": "2018-02-01",
			"properties": {
				"mode": "incremental",
				"templateLink": {
					"uri": "[concat(parameters('containerUri'), '/ArmTemplate_0.json', parameters('containerSasToken'))]",
					"contentVersion": "1.0.0.0"
				},
				"parameters": {
					"factoryName": {
						"value": "[parameters('factoryName')]"
					},
					"Input Blob Storage_connectionString": {
						"value": "[parameters('Input Blob Storage_connectionString')]"
					},
					"Output SQL Database_connectionString": {
						"value": "[parameters('Output SQL Database_connectionString')]"
					}
				}
			},
			"dependsOn": []
		}
	]
}