{
	"$schema": "http://schema.management.azure.com/schemas/2015-01-01/deploymentTemplate.json#",
	"contentVersion": "1.0.0.0",
	"parameters": {
		"factoryName": {
			"type": "string",
			"metadata": "Data Factory name",
			"defaultValue": "etl-demo"
		},
		"Input Blob Storage_connectionString": {
			"type": "secureString",
			"metadata": "Secure string for 'connectionString' of 'Input Blob Storage'"
		},
		"Output SQL Database_connectionString": {
			"type": "secureString",
			"metadata": "Secure string for 'connectionString' of 'Output SQL Database'"
		}
	},
	"variables": {
		"factoryId": "[concat('Microsoft.DataFactory/factories/', parameters('factoryName'))]"
	},
	"resources": [
		{
			"name": "[concat(parameters('factoryName'), '/Ingest Project Data')]",
			"type": "Microsoft.DataFactory/factories/pipelines",
			"apiVersion": "2018-06-01",
			"properties": {
				"activities": [
					{
						"name": "Project CSV to SQL",
						"type": "ExecuteDataFlow",
						"dependsOn": [],
						"policy": {
							"timeout": "1.00:00:00",
							"retry": 0,
							"retryIntervalInSeconds": 30,
							"secureOutput": false,
							"secureInput": false
						},
						"userProperties": [],
						"typeProperties": {
							"dataflow": {
								"referenceName": "Project Data CSV to SQL",
								"type": "DataFlowReference",
								"parameters": {},
								"datasetParameters": {
									"inputProjects": {},
									"inputLeads": {},
									"inputExpenses": {},
									"inputGeoData": {},
									"outputProjectLeads": {}
								}
							},
							"staging": {},
							"compute": {
								"coreCount": 8,
								"computeType": "General"
							},
							"traceLevel": "Fine"
						}
					}
				],
				"policy": {
					"elapsedTimeMetric": {},
					"cancelAfter": {}
				},
				"annotations": []
			},
			"dependsOn": [
				"[concat(variables('factoryId'), '/dataflows/Project Data CSV to SQL')]"
			]
		},
		{
			"name": "[concat(parameters('factoryName'), '/inputExpenses')]",
			"type": "Microsoft.DataFactory/factories/datasets",
			"apiVersion": "2018-06-01",
			"properties": {
				"linkedServiceName": {
					"referenceName": "Input Blob Storage",
					"type": "LinkedServiceReference"
				},
				"annotations": [],
				"type": "DelimitedText",
				"typeProperties": {
					"location": {
						"type": "AzureBlobStorageLocation",
						"fileName": "Tab_Expenses.csv",
						"container": "etl-demo"
					},
					"columnDelimiter": ",",
					"escapeChar": "\\",
					"quoteChar": "\""
				},
				"schema": [
					{
						"type": "String"
					},
					{
						"type": "String"
					}
				]
			},
			"dependsOn": [
				"[concat(variables('factoryId'), '/linkedServices/Input Blob Storage')]"
			]
		},
		{
			"name": "[concat(parameters('factoryName'), '/inputGeoData')]",
			"type": "Microsoft.DataFactory/factories/datasets",
			"apiVersion": "2018-06-01",
			"properties": {
				"linkedServiceName": {
					"referenceName": "Input Blob Storage",
					"type": "LinkedServiceReference"
				},
				"annotations": [],
				"type": "DelimitedText",
				"typeProperties": {
					"location": {
						"type": "AzureBlobStorageLocation",
						"fileName": "Tab_Geo_Data.csv",
						"container": "etl-demo"
					},
					"columnDelimiter": ",",
					"escapeChar": "\\",
					"quoteChar": "\""
				},
				"schema": [
					{
						"type": "String"
					},
					{
						"type": "String"
					},
					{
						"type": "String"
					}
				]
			},
			"dependsOn": [
				"[concat(variables('factoryId'), '/linkedServices/Input Blob Storage')]"
			]
		},
		{
			"name": "[concat(parameters('factoryName'), '/input_leads')]",
			"type": "Microsoft.DataFactory/factories/datasets",
			"apiVersion": "2018-06-01",
			"properties": {
				"linkedServiceName": {
					"referenceName": "Input Blob Storage",
					"type": "LinkedServiceReference"
				},
				"annotations": [],
				"type": "DelimitedText",
				"typeProperties": {
					"location": {
						"type": "AzureBlobStorageLocation",
						"fileName": "Tab_Leads.csv",
						"container": "etl-demo"
					},
					"columnDelimiter": ",",
					"escapeChar": "\\",
					"quoteChar": "\""
				},
				"schema": [
					{
						"type": "String"
					},
					{
						"type": "String"
					}
				]
			},
			"dependsOn": [
				"[concat(variables('factoryId'), '/linkedServices/Input Blob Storage')]"
			]
		},
		{
			"name": "[concat(parameters('factoryName'), '/input_projects')]",
			"type": "Microsoft.DataFactory/factories/datasets",
			"apiVersion": "2018-06-01",
			"properties": {
				"linkedServiceName": {
					"referenceName": "Input Blob Storage",
					"type": "LinkedServiceReference"
				},
				"annotations": [],
				"type": "DelimitedText",
				"typeProperties": {
					"location": {
						"type": "AzureBlobStorageLocation",
						"fileName": "Tab_Projekte.csv",
						"container": "etl-demo"
					},
					"columnDelimiter": ",",
					"escapeChar": "\\",
					"quoteChar": "\""
				},
				"schema": [
					{
						"type": "String"
					},
					{
						"type": "String"
					}
				]
			},
			"dependsOn": [
				"[concat(variables('factoryId'), '/linkedServices/Input Blob Storage')]"
			]
		},
		{
			"name": "[concat(parameters('factoryName'), '/output_project_leads')]",
			"type": "Microsoft.DataFactory/factories/datasets",
			"apiVersion": "2018-06-01",
			"properties": {
				"linkedServiceName": {
					"referenceName": "Output SQL Database",
					"type": "LinkedServiceReference"
				},
				"annotations": [],
				"type": "AzureSqlTable",
				"schema": [
					{
						"name": "PR_ID",
						"type": "int",
						"precision": 10
					},
					{
						"name": "PR_Name",
						"type": "varchar"
					},
					{
						"name": "PR_Lead",
						"type": "varchar"
					},
					{
						"name": "EXPENSES",
						"type": "float",
						"precision": 15
					},
					{
						"name": "LATITUDE",
						"type": "float",
						"precision": 15
					},
					{
						"name": "LONGITUDE",
						"type": "float",
						"precision": 15
					}
				],
				"typeProperties": {
					"schema": "dbo",
					"table": "Projects"
				}
			},
			"dependsOn": [
				"[concat(variables('factoryId'), '/linkedServices/Output SQL Database')]"
			]
		},
		{
			"name": "[concat(parameters('factoryName'), '/Input Blob Storage')]",
			"type": "Microsoft.DataFactory/factories/linkedServices",
			"apiVersion": "2018-06-01",
			"properties": {
				"annotations": [],
				"type": "AzureBlobStorage",
				"typeProperties": {
					"connectionString": "[parameters('Input Blob Storage_connectionString')]"
				}
			},
			"dependsOn": []
		},
		{
			"name": "[concat(parameters('factoryName'), '/Output SQL Database')]",
			"type": "Microsoft.DataFactory/factories/linkedServices",
			"apiVersion": "2018-06-01",
			"properties": {
				"annotations": [],
				"type": "AzureSqlDatabase",
				"typeProperties": {
					"connectionString": "[parameters('Output SQL Database_connectionString')]"
				}
			},
			"dependsOn": []
		},
		{
			"name": "[concat(parameters('factoryName'), '/Daily Ingest')]",
			"type": "Microsoft.DataFactory/factories/triggers",
			"apiVersion": "2018-06-01",
			"properties": {
				"annotations": [],
				"runtimeState": "Started",
				"pipelines": [
					{
						"pipelineReference": {
							"referenceName": "Ingest Project Data",
							"type": "PipelineReference"
						},
						"parameters": {}
					}
				],
				"type": "ScheduleTrigger",
				"typeProperties": {
					"recurrence": {
						"frequency": "Day",
						"interval": 1,
						"startTime": "2021-11-01T13:00:00",
						"endTime": "2021-11-02T10:14:00",
						"timeZone": "W. Europe Standard Time",
						"schedule": {
							"minutes": [
								45
							],
							"hours": [
								15
							]
						}
					}
				}
			},
			"dependsOn": [
				"[concat(variables('factoryId'), '/pipelines/Ingest Project Data')]"
			]
		},
		{
			"name": "[concat(parameters('factoryName'), '/Project Data CSV to SQL')]",
			"type": "Microsoft.DataFactory/factories/dataflows",
			"apiVersion": "2018-06-01",
			"properties": {
				"type": "MappingDataFlow",
				"typeProperties": {
					"sources": [
						{
							"dataset": {
								"referenceName": "input_projects",
								"type": "DatasetReference"
							},
							"name": "inputProjects"
						},
						{
							"dataset": {
								"referenceName": "input_leads",
								"type": "DatasetReference"
							},
							"name": "inputLeads"
						},
						{
							"dataset": {
								"referenceName": "inputExpenses",
								"type": "DatasetReference"
							},
							"name": "inputExpenses"
						},
						{
							"dataset": {
								"referenceName": "inputGeoData",
								"type": "DatasetReference"
							},
							"name": "inputGeoData"
						}
					],
					"sinks": [
						{
							"dataset": {
								"referenceName": "output_project_leads",
								"type": "DatasetReference"
							},
							"name": "outputProjectLeads"
						}
					],
					"transformations": [
						{
							"name": "mergedProjectLeads"
						},
						{
							"name": "sumOfExpenses"
						},
						{
							"name": "mergedProjectLeadsExpenses"
						},
						{
							"name": "mergedProjectsGeoData"
						}
					],
					"script": "source(output(\n\t\tID as integer,\n\t\tProject as string\n\t),\n\tallowSchemaDrift: true,\n\tvalidateSchema: false,\n\tignoreNoFilesFound: false) ~> inputProjects\nsource(output(\n\t\tID as integer,\n\t\tLead as string\n\t),\n\tallowSchemaDrift: true,\n\tvalidateSchema: false,\n\tignoreNoFilesFound: false) ~> inputLeads\nsource(output(\n\t\tID as integer,\n\t\tAmount as double\n\t),\n\tallowSchemaDrift: true,\n\tvalidateSchema: false,\n\tignoreNoFilesFound: false) ~> inputExpenses\nsource(output(\n\t\tID as integer,\n\t\tLatitude as float,\n\t\tLongitude as float\n\t),\n\tallowSchemaDrift: true,\n\tvalidateSchema: false,\n\tignoreNoFilesFound: false) ~> inputGeoData\ninputProjects, inputLeads join(inputProjects@ID == inputLeads@ID,\n\tjoinType:'inner',\n\tbroadcast: 'auto')~> mergedProjectLeads\ninputExpenses aggregate(groupBy(ID),\n\tEXPENSE = sum(Amount)) ~> sumOfExpenses\nmergedProjectLeads, sumOfExpenses join(inputLeads@ID == sumOfExpenses@ID,\n\tjoinType:'inner',\n\tbroadcast: 'auto')~> mergedProjectLeadsExpenses\nmergedProjectLeadsExpenses, inputGeoData join(inputProjects@ID == inputGeoData@ID,\n\tjoinType:'inner',\n\tbroadcast: 'auto')~> mergedProjectsGeoData\nmergedProjectsGeoData sink(allowSchemaDrift: true,\n\tvalidateSchema: false,\n\tinput(\n\t\tPR_ID as integer,\n\t\tPR_Name as string,\n\t\tPR_Lead as string,\n\t\tEXPENSES as double,\n\t\tLATITUDE as double,\n\t\tLONGITUDE as double\n\t),\n\tdeletable:false,\n\tinsertable:true,\n\tupdateable:false,\n\tupsertable:false,\n\ttruncate:true,\n\tformat: 'table',\n\tskipDuplicateMapInputs: true,\n\tskipDuplicateMapOutputs: true,\n\terrorHandlingOption: 'stopOnFirstError',\n\tmapColumn(\n\t\tPR_ID = inputProjects@ID,\n\t\tPR_Name = Project,\n\t\tPR_Lead = Lead,\n\t\tEXPENSES = EXPENSE,\n\t\tLATITUDE = Latitude,\n\t\tLONGITUDE = Longitude\n\t)) ~> outputProjectLeads"
				}
			},
			"dependsOn": [
				"[concat(variables('factoryId'), '/datasets/input_projects')]",
				"[concat(variables('factoryId'), '/datasets/input_leads')]",
				"[concat(variables('factoryId'), '/datasets/inputExpenses')]",
				"[concat(variables('factoryId'), '/datasets/inputGeoData')]",
				"[concat(variables('factoryId'), '/datasets/output_project_leads')]"
			]
		}
	]
}